iPhone 15 Pro Max,Natural Titanium,256 GB, MU793HX/A,4 249,Gel,New
iPhone 15 Pro,Black Titanium,128 GB, MTUV3HX/A,3 499,Gel,New
iPhone 15 Pro,Black Titanium,256 GB, MTV13HX/A,3 849,Gel,New
iPhone 15 Pro Max,Blue Titanium,256 GB, MU7A3HX/A,4 249,Gel,New
iPhone 15 Pro Max,Black Titanium,256 GB, MU773HX/A,4 249,Gel,New
iPhone 15,Black,128 GB, MTP03HX/A,2 649,Gel,New
iPhone 13,Starlight,128 GB, MLPG3RM/A,1 899,Gel,New
iPhone 15 Pro,Natural Titanium,256 GB, MTV53HX/A,3 849,Gel,New
iPhone 15 Pro,Natural Titanium,128 GB, MTUX3HX/A,3 499,Gel,New
iPhone 13,Midnight,128 GB, MLPF3RM/A,1 899,Gel,New
iPhone 15 Pro Max,White Titanium,256 GB, MU783HX/A,4 249,Gel,New
iPhone 15 Pro,Blue Titanium,256 GB, MTV63HX/A,3 849,Gel,New
iPhone 15 Pro,Blue Titanium,128 GB, MTV03HX/A,3 499,Gel,New
iPhone 15,Blue,128 GB, MTP43HX/A,2 649,Gel,New
iPhone 15 Pro,White Titanium,128 GB, MTUW3HX/A,3 499,Gel,New
iPhone 15 Pro Max,Blue Titanium,512 GB, MU7F3HX/A,4 949,Gel,New
iPhone 14,Midnight,128 GB, MPUF3HX/A,2 299,Gel,
iPhone 15 Pro Max,Natural Titanium,512 GB, MU7E3HX/A,4 949,Gel,New
iPhone 15,Blue,256 GB, MTP93HX/A,2 999,Gel,New
iPhone 15 Plus,Black,128 GB, MU0Y3HX/A,2 999,Gel,New
iPhone 15 Pro Max,Natural Titanium,256 GB, MU793HX/A,4 249,Gel,New
iPhone 15 Pro,Black Titanium,128 GB, MTUV3HX/A,3 499,Gel,New
iPhone 15 Pro,Black Titanium,256 GB, MTV13HX/A,3 849,Gel,New
iPhone 15 Pro Max,Blue Titanium,256 GB, MU7A3HX/A,4 249,Gel,New
iPhone 15 Pro Max,Black Titanium,256 GB, MU773HX/A,4 249,Gel,New
iPhone 15,Black,128 GB, MTP03HX/A,2 649,Gel,New
iPhone 13,Starlight,128 GB, MLPG3RM/A,1 899,Gel,New
iPhone 15 Pro,Natural Titanium,256 GB, MTV53HX/A,3 849,Gel,New
iPhone 15 Pro,Natural Titanium,128 GB, MTUX3HX/A,3 499,Gel,New
iPhone 13,Midnight,128 GB, MLPF3RM/A,1 899,Gel,New
iPhone 15 Pro Max,White Titanium,256 GB, MU783HX/A,4 249,Gel,New
iPhone 15 Pro,Blue Titanium,256 GB, MTV63HX/A,3 849,Gel,New
iPhone 15 Pro,Blue Titanium,128 GB, MTV03HX/A,3 499,Gel,New
iPhone 15,Blue,128 GB, MTP43HX/A,2 649,Gel,New
iPhone 15 Pro,White Titanium,128 GB, MTUW3HX/A,3 499,Gel,New
iPhone 15 Pro Max,Blue Titanium,512 GB, MU7F3HX/A,4 949,Gel,New
iPhone 14,Midnight,128 GB, MPUF3HX/A,2 299,Gel,
iPhone 15 Pro Max,Natural Titanium,512 GB, MU7E3HX/A,4 949,Gel,New
iPhone 15,Blue,256 GB, MTP93HX/A,2 999,Gel,New
iPhone 15 Plus,Black,128 GB, MU0Y3HX/A,2 999,Gel,New
iPhone 15 Pro Max,Natural Titanium,256 GB, MU793HX/A,4 249,Gel,New
iPhone 15 Pro,Black Titanium,128 GB, MTUV3HX/A,3 499,Gel,New
iPhone 15 Pro,Black Titanium,256 GB, MTV13HX/A,3 849,Gel,New
iPhone 15 Pro Max,Blue Titanium,256 GB, MU7A3HX/A,4 249,Gel,New
iPhone 15 Pro Max,Black Titanium,256 GB, MU773HX/A,4 249,Gel,New
iPhone 15,Black,128 GB, MTP03HX/A,2 649,Gel,New
iPhone 13,Starlight,128 GB, MLPG3RM/A,1 899,Gel,New
iPhone 15 Pro,Natural Titanium,256 GB, MTV53HX/A,3 849,Gel,New
iPhone 15 Pro,Natural Titanium,128 GB, MTUX3HX/A,3 499,Gel,New
iPhone 13,Midnight,128 GB, MLPF3RM/A,1 899,Gel,New
iPhone 15 Pro Max,White Titanium,256 GB, MU783HX/A,4 249,Gel,New
iPhone 15 Pro,Blue Titanium,256 GB, MTV63HX/A,3 849,Gel,New
iPhone 15 Pro,Blue Titanium,128 GB, MTV03HX/A,3 499,Gel,New
iPhone 15,Blue,128 GB, MTP43HX/A,2 649,Gel,New
iPhone 15 Pro,White Titanium,128 GB, MTUW3HX/A,3 499,Gel,New
iPhone 15 Pro Max,Blue Titanium,512 GB, MU7F3HX/A,4 949,Gel,New
iPhone 14,Midnight,128 GB, MPUF3HX/A,2 299,Gel,
iPhone 15 Pro Max,Natural Titanium,512 GB, MU7E3HX/A,4 949,Gel,New
iPhone 15,Blue,256 GB, MTP93HX/A,2 999,Gel,New
iPhone 15 Plus,Black,128 GB, MU0Y3HX/A,2 999,Gel,New
iPhone 15 Pro Max,Natural Titanium,256 GB, MU793HX/A,4 249,Gel,New
iPhone 15 Pro,Black Titanium,128 GB, MTUV3HX/A,3 499,Gel,New
iPhone 15 Pro,Black Titanium,256 GB, MTV13HX/A,3 849,Gel,New
iPhone 15 Pro Max,Blue Titanium,256 GB, MU7A3HX/A,4 249,Gel,New
iPhone 15 Pro Max,Black Titanium,256 GB, MU773HX/A,4 249,Gel,New
iPhone 15,Black,128 GB, MTP03HX/A,2 649,Gel,New
iPhone 13,Starlight,128 GB, MLPG3RM/A,1 899,Gel,New
iPhone 15 Pro,Natural Titanium,256 GB, MTV53HX/A,3 849,Gel,New
iPhone 15 Pro,Natural Titanium,128 GB, MTUX3HX/A,3 499,Gel,New
iPhone 13,Midnight,128 GB, MLPF3RM/A,1 899,Gel,New
iPhone 15 Pro Max,White Titanium,256 GB, MU783HX/A,4 249,Gel,New
iPhone 15 Pro,Blue Titanium,256 GB, MTV63HX/A,3 849,Gel,New
iPhone 15 Pro,Blue Titanium,128 GB, MTV03HX/A,3 499,Gel,New
iPhone 15,Blue,128 GB, MTP43HX/A,2 649,Gel,New
iPhone 15 Pro,White Titanium,128 GB, MTUW3HX/A,3 499,Gel,New
iPhone 15 Pro Max,Blue Titanium,512 GB, MU7F3HX/A,4 949,Gel,New
iPhone 14,Midnight,128 GB, MPUF3HX/A,2 299,Gel,
iPhone 15 Pro Max,Natural Titanium,512 GB, MU7E3HX/A,4 949,Gel,New
iPhone 15,Blue,256 GB, MTP93HX/A,2 999,Gel,New
iPhone 15 Plus,Black,128 GB, MU0Y3HX/A,2 999,Gel,New
iPhone 15 Pro Max,Natural Titanium,256 GB, MU793HX/A,4 249,Gel,New
iPhone 15 Pro,Black Titanium,128 GB, MTUV3HX/A,3 499,Gel,New
iPhone 15 Pro,Black Titanium,256 GB, MTV13HX/A,3 849,Gel,New
iPhone 15 Pro Max,Blue Titanium,256 GB, MU7A3HX/A,4 249,Gel,New
iPhone 15 Pro Max,Black Titanium,256 GB, MU773HX/A,4 249,Gel,New
iPhone 15,Black,128 GB, MTP03HX/A,2 649,Gel,New
iPhone 13,Starlight,128 GB, MLPG3RM/A,1 899,Gel,New
iPhone 15 Pro,Natural Titanium,256 GB, MTV53HX/A,3 849,Gel,New
iPhone 15 Pro,Natural Titanium,128 GB, MTUX3HX/A,3 499,Gel,New
iPhone 13,Midnight,128 GB, MLPF3RM/A,1 899,Gel,New
iPhone 15 Pro Max,White Titanium,256 GB, MU783HX/A,4 249,Gel,New
iPhone 15 Pro,Blue Titanium,256 GB, MTV63HX/A,3 849,Gel,New
iPhone 15 Pro,Blue Titanium,128 GB, MTV03HX/A,3 499,Gel,New
iPhone 15,Blue,128 GB, MTP43HX/A,2 649,Gel,New
iPhone 15 Pro,White Titanium,128 GB, MTUW3HX/A,3 499,Gel,New
iPhone 15 Pro Max,Blue Titanium,512 GB, MU7F3HX/A,4 949,Gel,New
iPhone 14,Midnight,128 GB, MPUF3HX/A,2 299,Gel,
iPhone 15 Pro Max,Natural Titanium,512 GB, MU7E3HX/A,4 949,Gel,New
iPhone 15,Blue,256 GB, MTP93HX/A,2 999,Gel,New
iPhone 15 Plus,Black,128 GB, MU0Y3HX/A,2 999,Gel,New
iPhone 15 Pro Max,Natural Titanium,256 GB, MU793HX/A,4 249,Gel,New
iPhone 15 Pro,Black Titanium,128 GB, MTUV3HX/A,3 499,Gel,New
iPhone 15 Pro,Black Titanium,256 GB, MTV13HX/A,3 849,Gel,New
iPhone 15 Pro Max,Blue Titanium,256 GB, MU7A3HX/A,4 249,Gel,New
iPhone 15 Pro Max,Black Titanium,256 GB, MU773HX/A,4 249,Gel,New
iPhone 15,Black,128 GB, MTP03HX/A,2 649,Gel,New
iPhone 13,Starlight,128 GB, MLPG3RM/A,1 899,Gel,New
iPhone 15 Pro,Natural Titanium,256 GB, MTV53HX/A,3 849,Gel,New
iPhone 15 Pro,Natural Titanium,128 GB, MTUX3HX/A,3 499,Gel,New
iPhone 13,Midnight,128 GB, MLPF3RM/A,1 899,Gel,New
iPhone 15 Pro Max,White Titanium,256 GB, MU783HX/A,4 249,Gel,New
iPhone 15 Pro,Blue Titanium,256 GB, MTV63HX/A,3 849,Gel,New
iPhone 15 Pro,Blue Titanium,128 GB, MTV03HX/A,3 499,Gel,New
iPhone 15,Blue,128 GB, MTP43HX/A,2 649,Gel,New
iPhone 15 Pro,White Titanium,128 GB, MTUW3HX/A,3 499,Gel,New
iPhone 15 Pro Max,Blue Titanium,512 GB, MU7F3HX/A,4 949,Gel,New
iPhone 14,Midnight,128 GB, MPUF3HX/A,2 299,Gel,
iPhone 15 Pro Max,Natural Titanium,512 GB, MU7E3HX/A,4 949,Gel,New
iPhone 15,Blue,256 GB, MTP93HX/A,2 999,Gel,New
iPhone 15 Plus,Black,128 GB, MU0Y3HX/A,2 999,Gel,New
iPhone 15 Pro Max,Natural Titanium,256 GB, MU793HX/A,4 249,Gel,New
iPhone 15 Pro,Black Titanium,128 GB, MTUV3HX/A,3 499,Gel,New
iPhone 15 Pro,Black Titanium,256 GB, MTV13HX/A,3 849,Gel,New
iPhone 15 Pro Max,Blue Titanium,256 GB, MU7A3HX/A,4 249,Gel,New
iPhone 15 Pro Max,Black Titanium,256 GB, MU773HX/A,4 249,Gel,New
iPhone 15,Black,128 GB, MTP03HX/A,2 649,Gel,New
iPhone 13,Starlight,128 GB, MLPG3RM/A,1 899,Gel,New
iPhone 15 Pro,Natural Titanium,256 GB, MTV53HX/A,3 849,Gel,New
iPhone 15 Pro,Natural Titanium,128 GB, MTUX3HX/A,3 499,Gel,New
iPhone 13,Midnight,128 GB, MLPF3RM/A,1 899,Gel,New
iPhone 15 Pro Max,White Titanium,256 GB, MU783HX/A,4 249,Gel,New
iPhone 15 Pro,Blue Titanium,256 GB, MTV63HX/A,3 849,Gel,New
iPhone 15 Pro,Blue Titanium,128 GB, MTV03HX/A,3 499,Gel,New
iPhone 15,Blue,128 GB, MTP43HX/A,2 649,Gel,New
iPhone 15 Pro,White Titanium,128 GB, MTUW3HX/A,3 499,Gel,New
iPhone 15 Pro Max,Blue Titanium,512 GB, MU7F3HX/A,4 949,Gel,New
iPhone 14,Midnight,128 GB, MPUF3HX/A,2 299,Gel,
iPhone 15 Pro Max,Natural Titanium,512 GB, MU7E3HX/A,4 949,Gel,New
iPhone 15,Blue,256 GB, MTP93HX/A,2 999,Gel,New
iPhone 15 Plus,Black,128 GB, MU0Y3HX/A,2 999,Gel,New
iPhone 15 Pro Max,Natural Titanium,256 GB, MU793HX/A,4 249,Gel,New
iPhone 15 Pro,Black Titanium,128 GB, MTUV3HX/A,3 499,Gel,New
iPhone 15 Pro,Black Titanium,256 GB, MTV13HX/A,3 849,Gel,New
iPhone 15 Pro Max,Blue Titanium,256 GB, MU7A3HX/A,4 249,Gel,New
iPhone 15 Pro Max,Black Titanium,256 GB, MU773HX/A,4 249,Gel,New
iPhone 15,Black,128 GB, MTP03HX/A,2 649,Gel,New
iPhone 13,Starlight,128 GB, MLPG3RM/A,1 899,Gel,New
iPhone 15 Pro,Natural Titanium,256 GB, MTV53HX/A,3 849,Gel,New
iPhone 15 Pro,Natural Titanium,128 GB, MTUX3HX/A,3 499,Gel,New
iPhone 13,Midnight,128 GB, MLPF3RM/A,1 899,Gel,New
iPhone 15 Pro Max,White Titanium,256 GB, MU783HX/A,4 249,Gel,New
iPhone 15 Pro,Blue Titanium,256 GB, MTV63HX/A,3 849,Gel,New
iPhone 15 Pro,Blue Titanium,128 GB, MTV03HX/A,3 499,Gel,New
iPhone 15,Blue,128 GB, MTP43HX/A,2 649,Gel,New
iPhone 15 Pro,White Titanium,128 GB, MTUW3HX/A,3 499,Gel,New
iPhone 15 Pro Max,Blue Titanium,512 GB, MU7F3HX/A,4 949,Gel,New
iPhone 14,Midnight,128 GB, MPUF3HX/A,2 299,Gel,
iPhone 15 Pro Max,Natural Titanium,512 GB, MU7E3HX/A,4 949,Gel,New
iPhone 15,Blue,256 GB, MTP93HX/A,2 999,Gel,New
iPhone 15 Plus,Black,128 GB, MU0Y3HX/A,2 999,Gel,New
iPhone 15 Pro Max,Natural Titanium,256 GB, MU793HX/A,4 249,Gel,New
iPhone 15 Pro,Black Titanium,128 GB, MTUV3HX/A,3 499,Gel,New
iPhone 15 Pro,Black Titanium,256 GB, MTV13HX/A,3 849,Gel,New
iPhone 15 Pro Max,Blue Titanium,256 GB, MU7A3HX/A,4 249,Gel,New
iPhone 15 Pro Max,Black Titanium,256 GB, MU773HX/A,4 249,Gel,New
iPhone 15,Black,128 GB, MTP03HX/A,2 649,Gel,New
iPhone 13,Starlight,128 GB, MLPG3RM/A,1 899,Gel,New
iPhone 15 Pro,Natural Titanium,256 GB, MTV53HX/A,3 849,Gel,New
iPhone 15 Pro,Natural Titanium,128 GB, MTUX3HX/A,3 499,Gel,New
iPhone 13,Midnight,128 GB, MLPF3RM/A,1 899,Gel,New
iPhone 15 Pro Max,White Titanium,256 GB, MU783HX/A,4 249,Gel,New
iPhone 15 Pro,Blue Titanium,256 GB, MTV63HX/A,3 849,Gel,New
iPhone 15 Pro,Blue Titanium,128 GB, MTV03HX/A,3 499,Gel,New
iPhone 15,Blue,128 GB, MTP43HX/A,2 649,Gel,New
iPhone 15 Pro,White Titanium,128 GB, MTUW3HX/A,3 499,Gel,New
iPhone 15 Pro Max,Blue Titanium,512 GB, MU7F3HX/A,4 949,Gel,New
iPhone 14,Midnight,128 GB, MPUF3HX/A,2 299,Gel,
iPhone 15 Pro Max,Natural Titanium,512 GB, MU7E3HX/A,4 949,Gel,New
iPhone 15,Blue,256 GB, MTP93HX/A,2 999,Gel,New
iPhone 15 Plus,Black,128 GB, MU0Y3HX/A,2 999,Gel,New
iPhone 15 Pro Max,Natural Titanium,256 GB, MU793HX/A,4 249,Gel,New
iPhone 15 Pro,Black Titanium,128 GB, MTUV3HX/A,3 499,Gel,New
iPhone 15 Pro,Black Titanium,256 GB, MTV13HX/A,3 849,Gel,New
iPhone 15 Pro Max,Blue Titanium,256 GB, MU7A3HX/A,4 249,Gel,New
iPhone 15 Pro Max,Black Titanium,256 GB, MU773HX/A,4 249,Gel,New
iPhone 15,Black,128 GB, MTP03HX/A,2 649,Gel,New
iPhone 13,Starlight,128 GB, MLPG3RM/A,1 899,Gel,New
iPhone 15 Pro,Natural Titanium,256 GB, MTV53HX/A,3 849,Gel,New
iPhone 15 Pro,Natural Titanium,128 GB, MTUX3HX/A,3 499,Gel,New
iPhone 13,Midnight,128 GB, MLPF3RM/A,1 899,Gel,New
iPhone 15 Pro Max,White Titanium,256 GB, MU783HX/A,4 249,Gel,New
iPhone 15 Pro,Blue Titanium,256 GB, MTV63HX/A,3 849,Gel,New
iPhone 15 Pro,Blue Titanium,128 GB, MTV03HX/A,3 499,Gel,New
iPhone 15,Blue,128 GB, MTP43HX/A,2 649,Gel,New
iPhone 15 Pro,White Titanium,128 GB, MTUW3HX/A,3 499,Gel,New
iPhone 15 Pro Max,Blue Titanium,512 GB, MU7F3HX/A,4 949,Gel,New
iPhone 14,Midnight,128 GB, MPUF3HX/A,2 299,Gel,
iPhone 15 Pro Max,Natural Titanium,512 GB, MU7E3HX/A,4 949,Gel,New
iPhone 15,Blue,256 GB, MTP93HX/A,2 999,Gel,New
iPhone 15 Plus,Black,128 GB, MU0Y3HX/A,2 999,Gel,New
